{
  "model": "LogisticRegression",
  "metrics": {
    "Accuracy": 0.6988817891373802,
    "Precision": 0.32150111229325856,
    "Recall": 0.5797000348796651,
    "F1-Score": 0.4136128911839731,
    "AUC-ROC": 0.7105267132312789
  },
  "cv_auc_mean": 0.7170244054275282,
  "cv_auc_std": 0.005356351240546931,
  "timestamp": "2026-01-23T16:31:55.478925"
}