{
  "model": "LogisticRegression",
  "metrics": {
    "Accuracy": 0.7062692307692308,
    "Precision": 0.3328160439298078,
    "Recall": 0.576509511993383,
    "F1-Score": 0.4220086278664951,
    "AUC-ROC": 0.7124579517569593
  },
  "cv_auc_mean": 0.7214122970275916,
  "cv_auc_std": 0.003255668318925983,
  "timestamp": "2026-04-02T00:15:00.895641"
}