{
  "model": "LogisticRegression",
  "metrics": {
    "Accuracy": 0.7107307692307693,
    "Precision": 0.3372924494000727,
    "Recall": 0.5754755996691481,
    "F1-Score": 0.4253075571177504,
    "AUC-ROC": 0.7139065330752676
  },
  "cv_auc_mean": 0.7212305201839437,
  "cv_auc_std": 0.003266341234857535,
  "timestamp": "2026-04-01T02:44:31.840437"
}