{
  "model": "LogisticRegression",
  "metrics": {
    "Accuracy": 0.7036421725239617,
    "Precision": 0.32592883821505797,
    "Recall": 0.5783048482734566,
    "F1-Score": 0.41689715866230825,
    "AUC-ROC": 0.7137567112931559
  },
  "cv_auc_mean": 0.7166733081747014,
  "cv_auc_std": 0.005487252988837741,
  "n_features_selected": 63,
  "timestamp": "2026-03-29T22:26:57.718562"
}